KalpiId,City,Place,Address,KalpiType,PasswordHash
2824,בית שמש,ספרייה עירונית בית שמש,נופים 12,Regular,a8K2mP9xQ1
1409,בני ברק,"מתנ""ס בני ברק",הזית 5,Accessible,b7N4rT1wZ3
5506,ירושלים,גן ילדים ירושלים,אחיעזר 8,Accessible,c6V8yU3sL5
5012,תל אביב,ספרייה עירונית תל אביב,בן יהודה 22,Regular,d5W1tI5oP7
4657,חיפה,גן ילדים חיפה,הרצל 15,Regular,e4X3uO7mN9
3286,פתח תקווה,גן ילדים פתח תקווה,המייסדים 1,Regular,f3Y5vP9kM2
2679,אשדוד,ספרייה עירונית אשדוד,נופים 12,Regular,g2Z7wQ1iK4
9935,נתניה,אולם אירועים נתניה,המייסדים 1,Regular,h1A9xR3gI6
2424,באר שבע,מרכז קהילתי באר שבע,הדקל 10,Regular,j9B2yS5eG8
7912,חולון,"מתנ""ס חולון",הרצל 15,Accessible,k8C4zT7cE1
1520,בני עיש,בית ספר בני עיש,הזית 5,Accessible,m7D6aU9aC3
1488,מודיעין עילית,"מתנ""ס מודיעין עילית",המייסדים 1,Regular,n6E8bV1yA5
2535,אלעד,תלמוד תורה אלעד,הרצל 15,Regular,p5F1cW3wZ7
4582,בית איל,מרכז קהילתי בית איל,הסולם 3,Regular,q4G3dX5uX9
4811,ביתר עילית,"מתנ""ס ביתר עילית",הרצל 15,Regular,r3H5eY7sV2
9279,אופקים,גן ילדים אופקים,הסולם 3,Regular,s2J7fZ9qT4
1434,נתיבות,גן ילדים נתיבות,הסולם 3,Accessible,t1K9gA1oR6
4257,שדרות,גן ילדים שדרות,הרצל 15,Accessible,u9L2hB3mM8
9928,רחובות,אולם אירועים רחובות,המייסדים 1,Regular,v8M4iC5kK1
7873,ראשון לציון,"מתנ""ס ראשון לציון",נופים 12,Accessible,w7N6jD7iH3
4611,אשקלון,תלמוד תורה אשקלון,המייסדים 1,Accessible,x6P8kE9gF5
8359,הרצליה,תלמוד תורה הרצליה,אחיעזר 8,Regular,y5Q1mF1eD7
5557,כפר סבא,אולם אירועים כפר סבא,הדקל 10,Accessible,z4R3nG3cB9
1106,חדרה,בית ספר חדרה,הדקל 10,Accessible,A3S5pH5aA2
3615,רעננה,ספרייה עירונית רעננה,הסולם 3,Regular,B2T7qI7yZ4
7924,בית שמש,גן ילדים בית שמש,הדקל 10,Accessible,C1U9rK9wX6
6574,בני ברק,ספרייה עירונית בני ברק,אחיעזר 8,Regular,D9V2sL1uV8
5552,ירושלים,תלמוד תורה ירושלים,הרצל 15,Accessible,E8W4tM3sT1
3547,תל אביב,תלמוד תורה תל אביב,הדקל 10,Regular,F7X6uN5qR3
4527,חיפה,מרכז קהילתי חיפה,המייסדים 1,Regular,G6Y8vP7oP5
6514,פתח תקווה,ספרייה עירונית פתח תקווה,אחיעזר 8,Accessible,H5Z1wQ9mN7
2674,אשדוד,ספרייה עירונית אשדוד,אחיעזר 8,Regular,J4A3xR1kL9
2519,נתניה,אולם אירועים נתניה,הסולם 3,Regular,K3B5yS3iJ2
7224,באר שבע,ספרייה עירונית באר שבע,הרצל 15,Regular,L2C7zT5gH4
2584,חולון,בית ספר חולון,המייסדים 1,Accessible,M1D9aU7eF6
6881,בני עיש,תלמוד תורה בני עיש,הדקל 10,Regular,N9E2bV9cD8
6635,מודיעין עילית,תלמוד תורה מודיעין עילית,הדקל 10,Regular,P8F4cW1aB1
5333,אלעד,בית ספר אלעד,בן יהודה 22,Accessible,Q7G6dX3yZ3
1711,בית איל,מרכז קהילתי בית איל,הדקל 10,Accessible,R6H8eY5wX5
8527,ביתר עילית,תלמוד תורה ביתר עילית,הרצל 15,Accessible,S5J1fZ7uV7
9785,אופקים,תלמוד תורה אופקים,הסולם 3,Regular,T4K3gA9sT9
3045,נתיבות,אולם אירועים נתיבות,הזית 5,Regular,U3L5hB1qR2
7201,שדרות,גן ילדים שדרות,המייסדים 1,Regular,V2M7iC3oP4
2291,רחובות,גן ילדים רחובות,אחיעזר 8,Regular,W1N9jD5mN6
5803,ראשון לציון,גן ילדים ראשון לציון,אחיעזר 8,Regular,X9P2kE7kL8
6925,אשקלון,בית ספר אשקלון,אחיעזר 8,Regular,Y8Q4mF9iJ1
4150,הרצליה,"מתנ""ס הרצליה",הסולם 3,Regular,Z7R6nG1gH3
2139,כפר סבא,בית ספר כפר סבא,הזית 5,Accessible,A6S8pH3eF5
1750,חדרה,תלמוד תורה חדרה,הזית 5,Regular,B5T1qI5cD7
4733,רעננה,מרכז קהילתי רעננה,הדקל 10,Regular,C4U3rK7aB9
5741,בית שמש,אולם אירועים בית שמש,בן יהודה 22,Accessible,D3V5sL9yZ2
2307,בני ברק,מרכז קהילתי בני ברק,אחיעזר 8,Regular,E2W7tM1wX4
4814,ירושלים,בית ספר ירושלים,אחיעזר 8,Regular,F1X9uN3uV6
2654,תל אביב,"מתנ""ס תל אביב",הרצל 15,Accessible,G9Y2vP5sT8
7227,חיפה,תלמוד תורה חיפה,הזית 5,Regular,H8Z4wQ7qR1
5554,פתח תקווה,תלמוד תורה פתח תקווה,הזית 5,Accessible,J7A6xR9oP3
8428,אשדוד,תלמוד תורה אשדוד,המייסדים 1,Accessible,K6B8yS1mN5
6977,נתניה,"מתנ""ס נתניה",הסולם 3,Accessible,L5C1zT3kL7
3664,באר שבע,אולם אירועים באר שבע,אחיעזר 8,Regular,M4D3aU5iJ9
7065,חולון,מרכז קהילתי חולון,אחיעזר 8,Regular,N3E5bV7gH2
6820,בני עיש,אולם אירועים בני עיש,נופים 12,Accessible,P2F7cW9eF4
4432,מודיעין עילית,מרכז קהילתי מודיעין עילית,הרצל 15,Accessible,Q1G9dX1cD6
5374,אלעד,תלמוד תורה אלעד,בן יהודה 22,Accessible,R9H2eY3aB8
2169,בית איל,מרכז קהילתי בית איל,הסולם 3,Regular,S8J4fZ5yZ1
3803,ביתר עילית,אולם אירועים ביתר עילית,הדקל 10,Accessible,T7K6gA7wX3
9751,אופקים,גן ילדים אופקים,הסולם 3,Accessible,U6L8hB9uV5
5010,נתיבות,ספרייה עירונית נתיבות,נופים 12,Accessible,V5M1iC1sT7
3677,שדרות,תלמוד תורה שדרות,המייסדים 1,Accessible,W4N3jD3qR9
8573,רחובות,"מתנ""ס רחובות",הסולם 3,Regular,X3P5kE5oP2
7216,ראשון לציון,גן ילדים ראשון לציון,נופים 12,Regular,Y2Q7mF7mN4
5422,אשקלון,ספרייה עירונית אשקלון,הזית 5,Regular,Z1R9nG9kL6
4598,הרצליה,בית ספר הרצליה,נופים 12,Regular,A9S2pH1iJ8
6313,כפר סבא,מרכז קהילתי כפר סבא,הזית 5,Regular,B8T4qI3gH1
1916,חדרה,מרכז קהילתי חדרה,הרצל 15,Regular,C7U6rK5eF3
4752,רעננה,אולם אירועים רעננה,אחיעזר 8,Accessible,D6V8sL7cD5
1525,בית שמש,ספרייה עירונית בית שמש,הדקל 10,Regular,E5W1tM9aB7
6168,בני ברק,תלמוד תורה בני ברק,נופים 12,Regular,F4X3uN1yZ9
7572,ירושלים,בית ספר ירושלים,הסולם 3,Regular,G3Y5vP3wX2
5386,תל אביב,אולם אירועים תל אביב,הזית 5,Accessible,H2Z7wQ5uV4
2084,חיפה,ספרייה עירונית חיפה,הרצל 15,Accessible,J1A9xR7sT6
4456,פתח תקווה,תלמוד תורה פתח תקווה,אחיעזר 8,Accessible,K9B2yS9qR8
6155,אשדוד,ספרייה עירונית אשדוד,הסולם 3,Accessible,L8C4zT1oP1
4483,נתניה,תלמוד תורה נתניה,הרצל 15,Accessible,M7D6aU3mN3
9179,באר שבע,מרכז קהילתי באר שבע,בן יהודה 22,Regular,N6E8bV5kL5
7482,חולון,תלמוד תורה חולון,הסולם 3,Regular,P5F1cW7iJ7
8517,בני עיש,בית ספר בני עיש,הזית 5,Accessible,Q4G3dX9gH9
3340,מודיעין עילית,ספרייה עירונית מודיעין עילית,אחיעזר 8,Accessible,R3H5eY1eF2
5339,אלעד,מרכז קהילתי אלעד,הדקל 10,Accessible,S2J7fZ3cD4
3287,בית איל,גן ילדים בית איל,אחיעזר 8,Accessible,T1K9gA5aB6
5040,ביתר עילית,תלמוד תורה ביתר עילית,בן יהודה 22,Regular,U9L2hB7yZ8
9830,אופקים,גן ילדים אופקים,הדקל 10,Accessible,V8M4iC9wX1
5304,נתיבות,אולם אירועים נתיבות,הזית 5,Accessible,W7N6jD1uV3
8019,שדרות,"מתנ""ס שדרות",אחיעזר 8,Accessible,X6P8kE3sT5
7543,רחובות,"מתנ""ס רחובות",הרצל 15,Accessible,Y5Q1mF5qR7
6930,ראשון לציון,גן ילדים ראשון לציון,הדקל 10,Regular,Z4R3nG7oP9
4593,אשקלון,"מתנ""ס אשקלון",הרצל 15,Accessible,A3S5pH9mN2
3266,הרצליה,בית ספר הרצליה,אחיעזר 8,Accessible,B2T7qI1kL4
9348,כפר סבא,"מתנ""ס כפר סבא",הזית 5,Regular,C1U9rK3iJ6
9085,חדרה,אולם אירועים חדרה,בן יהודה 22,Accessible,D9V2sL5gH8
2489,רעננה,אולם אירועים רעננה,הדקל 10,Accessible,E8W4tM7eF1
1771,בית שמש,בית ספר בית שמש,בן יהודה 22,Regular,F7X6uN9cD3
2796,בני ברק,תלמוד תורה בני ברק,הדקל 10,Accessible,G6Y8vP1aB5
3504,ירושלים,אולם אירועים ירושלים,נופים 12,Accessible,H5Z1wQ3yZ7
3621,תל אביב,בית ספר תל אביב,הסולם 3,Accessible,J4A3xR5wX9
7916,חיפה,מרכז קהילתי חיפה,הרצל 15,Accessible,K3B5yS7uV2
2040,פתח תקווה,ספרייה עירונית פתח תקווה,הזית 5,Accessible,L2C7zT9sT4
7304,אשדוד,בית ספר אשדוד,המייסדים 1,Regular,M1D9aU1qR6
7252,נתניה,"מתנ""ס נתניה",המייסדים 1,Regular,N9E2bV3oP8
8668,באר שבע,אולם אירועים באר שבע,אחיעזר 8,Accessible,P8F4cW5mN1
9669,חולון,"מתנ""ס חולון",הזית 5,Regular,Q7G6dX7kL3
5119,בני עיש,ספרייה עירונית בני עיש,הרצל 15,Accessible,R6H8eY9iJ5
1188,מודיעין עילית,תלמוד תורה מודיעין עילית,הרצל 15,Regular,S5J1fZ1gH7
2876,אלעד,גן ילדים אלעד,הסולם 3,Regular,T4K3gA3eF9
9797,בית איל,בית ספר בית איל,אחיעזר 8,Accessible,U3L5hB5cD2
5371,ביתר עילית,בית ספר ביתר עילית,הרצל 15,Accessible,V2M7iC7aB4
6573,אופקים,בית ספר אופקים,הדקל 10,Regular,W1N9jD9yZ6
2827,נתיבות,תלמוד תורה נתיבות,הסולם 3,Regular,X9P2kE1wX8
5808,שדרות,ספרייה עירונית שדרות,הדקל 10,Regular,Y8Q4mF3uV1
8123,רחובות,תלמוד תורה רחובות,המייסדים 1,Regular,Z7R6nG5sT3
3591,ראשון לציון,"מתנ""ס ראשון לציון",הרצל 15,Regular,A6S8pH7qR5
8433,אשקלון,בית ספר אשקלון,נופים 12,Accessible,B5T1qI9oP7
1053,הרצליה,אולם אירועים הרצליה,הזית 5,Accessible,C4U3rK1mN9
5315,כפר סבא,"מתנ""ס כפר סבא",הדקל 10,Accessible,D3V5sL3kL2
9201,חדרה,תלמוד תורה חדרה,המייסדים 1,Accessible,E2W7tM5iJ4
3927,רעננה,מרכז קהילתי רעננה,הרצל 15,Accessible,F1X9uN7gH6
9317,בית שמש,ספרייה עירונית בית שמש,המייסדים 1,Regular,G9Y2vP9eF8
2743,בני ברק,מרכז קהילתי בני ברק,המייסדים 1,Regular,H8Z4wQ1cD1
5889,ירושלים,אולם אירועים ירושלים,בן יהודה 22,Regular,J7A6xR3aB3
4258,תל אביב,מרכז קהילתי תל אביב,הזית 5,Accessible,K6B8yS5yZ5
7126,חיפה,"מתנ""ס חיפה",אחיעזר 8,Regular,L5C1zT7wX7